{"cameraMode":{"drawMode":0,"name":"Shaded","section":"Shading Mode"},"sceneLighting":false,"audioPlay":false,"sceneViewState":{"showFog":true,"showMaterialUpdate":false,"showSkybox":true,"showFlares":true,"showImageEffects":true,"showParticleSystems":true},"in2DMode":false,"pivot":{"x":1271.5,"y":368.4003601074219,"z":-12.218658447265625},"rotation":{"x":0.15419137477874757,"y":-0.004138695541769266,"z":0.0006344179855659604,"w":0.9880321621894836},"size":1884.8353271484375,"orthographic":false}